status	source_path
M	README.md
A	artifacts/events-34.json
A	docs/cardinality-investigation.md
A	docs/commands_used.md
A	docs/images/1-captura-de-pantalla_20260728_214354.png
A	docs/images/1-wazuh-08-05-2026_09_10.jpg
A	docs/images/10-wazuh-08-05-2026_10_21.jpg
A	docs/images/11-captura-de-pantalla_20260728_222046.png
A	docs/images/11-wazuh-08-05-2026_10_21.jpg
A	docs/images/12-captura-de-pantalla_20260728_222251.png
A	docs/images/13-captura-de-pantalla_20260728_222310.png
A	docs/images/14-captura-de-pantalla_20260728_222605.png
A	docs/images/15-captura-de-pantalla_20260728_225127.png
A	docs/images/16-captura-de-pantalla_20260728_225149.png
A	docs/images/17-captura-de-pantalla_20260728_225346.png
A	docs/images/2-captura-de-pantalla_20260728_214732.png
A	docs/images/2-captura-de-pantalla_20260805_091128.png
A	docs/images/2-verificar-que-sysmon-quedo-instalado.png
A	docs/images/20-captura-de-pantalla_20260729_111238.png
A	docs/images/23-captura-de-pantalla_20260729_123627.png
A	docs/images/24-captura-de-pantalla_20260729_123904.png
A	docs/images/26-captura-de-pantalla_20260729_123904.png
A	docs/images/28-captura-de-pantalla_20260729_123904.png
A	docs/images/3-captura-de-pantalla_20260728_215737.png
A	docs/images/3-captura-de-pantalla_20260805_091128.png
A	docs/images/30-captura-de-pantalla_20260729_123904.png
A	docs/images/31-captura-de-pantalla_20260729_123904.png
A	docs/images/32-captura-de-pantalla_20260729_123904.png
A	docs/images/33-captura-de-pantalla_20260729_123904.png
A	docs/images/34-captura-de-pantalla_20260729_123904.png
A	docs/images/35-captura-de-pantalla_20260729_123904.png
A	docs/images/36-captura-de-pantalla_20260729_123904.png
A	docs/images/4-captura-de-pantalla_20260728_215851.png
A	docs/images/4-captura-de-pantalla_20260805_091128.png
A	docs/images/5-captura-de-pantalla_20260805_091405.png
A	docs/images/6-captura-de-pantalla_20260805_091405.png
A	docs/images/7-captura-de-pantalla_20260728_220148.png
A	docs/images/7-captura-de-pantalla_20260805_091405.jpg
A	docs/images/7-captura-de-pantalla_20260805_091405.png
A	docs/images/8-captura-de-pantalla_20260728_220314.png
A	docs/images/8-wazuh-08-05-2026_10_21.jpg
A	docs/images/9-captura-de-pantalla_20260728_221011.png
A	docs/images/9-wazuh-08-05-2026_10_21.jpg
A	docs/images/README.md
A	docs/images/crear-el-directorio-de-trabajo-sysmon.png
A	docs/images/descargar-sysmon-microsoft-sysinternals-.png
A	docs/images/images_index.json
A	docs/images/paso-2-instalar-sysmon.png
A	docs/images/verificar-que-sysmon-quedo-instalado.png
A	docs/images/wazuh-08-05-2026_09_35.jpg
A	docs/images/wazuh-08-05-2026_09_36.jpg
A	docs/images_index.json
A	docs/portscan-cardinality-analysis.md
A	docs/publish_summary.md
A	evidence/INDEX.md
A	evidence/automation/20260815-214910/actions.log
A	evidence/automation/20260815-214910/diff-files.txt
A	evidence/automation/20260815-214910/fetch-note.txt
A	evidence/automation/20260815-214910/git-fetch.txt
A	evidence/automation/20260815-214910/git-remote.txt
A	evidence/automation/20260815-214910/git-status.txt
A	evidence/automation/20260815-214910/local_head.txt
A	evidence/automation/20260815-214910/ls-remote.txt
A	evidence/automation/20260815-214910/remote_head.txt
A	evidence/automation/20260815-214910/summary.txt
A	evidence/cardinality/report.md
A	evidence/cardinality/run-20260815-194747.log
A	evidence/cardinality/run-20260815-195300/archive-discovery.txt
A	evidence/cardinality/run-20260815-195300/baseline-validation.txt
A	evidence/cardinality/run-20260815-195300/candidate-analysisd-validation.txt
A	evidence/cardinality/run-20260815-195300/candidate-build-validation.txt
A	evidence/cardinality/run-20260815-195300/candidate-v2-analysisd-logtest.txt
A	evidence/cardinality/run-20260815-195300/candidate-v2-build-validation.txt
A	evidence/cardinality/run-20260815-195300/candidate-v2-matches.txt
A	evidence/cardinality/run-20260815-195300/cardinality-execution.txt
A	evidence/cardinality/run-20260815-195300/cardinality/cardinality_report.txt
A	evidence/cardinality/run-20260815-195300/cardinality/raw_selected_events.json
A	evidence/cardinality/run-20260815-195300/cardinality/sequence_unique_ports.csv
A	evidence/cardinality/run-20260815-195300/cardinality/summary.json
A	evidence/cardinality/run-20260815-195300/decoder_tests/logtest-candidate-matches.txt
A	evidence/cardinality/run-20260815-195300/decoder_tests/logtest-candidate.out
A	evidence/cardinality/run-20260815-195300/decoder_tests/logtest-current-rules-matches.txt
A	evidence/cardinality/run-20260815-195300/decoder_tests/logtest-current-rules-root.out
A	evidence/cardinality/run-20260815-195300/decoder_tests/logtest-current-rules.out
A	evidence/cardinality/run-20260815-195300/decoder_tests/logtest-duplicate-characterization-matches.txt
A	evidence/cardinality/run-20260815-195300/decoder_tests/logtest-duplicate-characterization.out
A	evidence/cardinality/run-20260815-195300/decoder_tests/logtest-nonconsecutive-duplicate-matches.txt
A	evidence/cardinality/run-20260815-195300/decoder_tests/logtest-nonconsecutive-duplicate.out
A	evidence/cardinality/run-20260815-195300/decoder_tests/sysmon-duplicate-then-new.jsonl
A	evidence/cardinality/run-20260815-195300/decoder_tests/sysmon-nonconsecutive-duplicate.jsonl
A	evidence/cardinality/run-20260815-195300/decoder_tests/sysmon15.jsonl
A	evidence/cardinality/run-20260815-195300/decoder_tests/wfp15.jsonl
A	evidence/cardinality/run-20260815-195300/event-source-discovery.txt
A	evidence/cardinality/run-20260815-195300/failure-20260815-200300/rollback-and-reason.txt
A	evidence/cardinality/run-20260815-195300/final-handoff-state.txt
A	evidence/cardinality/run-20260815-195300/final-validation-and-inventory.txt
A	evidence/cardinality/run-20260815-195300/git-commit-push.txt
A	evidence/cardinality/run-20260815-195300/git-curation-corrected.txt
A	evidence/cardinality/run-20260815-195300/git-curation-validation.txt
A	evidence/cardinality/run-20260815-195300/local_rules.xml.candidate
A	evidence/cardinality/run-20260815-195300/local_rules.xml.candidate-sysmon-minimal
A	evidence/cardinality/run-20260815-195300/local_rules.xml.candidate-v2
A	evidence/cardinality/run-20260815-195300/local_rules.xml.source
A	evidence/cardinality/run-20260815-195300/minimal-candidate-validation.txt
A	evidence/cardinality/run-20260815-195300/nmap-attack-connect-port22.txt
A	evidence/cardinality/run-20260815-195300/nmap-attack-ports-1-20.txt
A	evidence/cardinality/run-20260815-195300/pre-commit-validation.txt
A	evidence/cardinality/run-20260815-195300/production-test-run.txt
A	evidence/cardinality/run-20260815-195300/production_test/collection-sanitized.txt
A	evidence/cardinality/run-20260815-195300/production_test/sysmon-agent-inspection-corrected.txt
A	evidence/cardinality/run-20260815-195300/production_test/sysmon-agent-inspection.txt
A	evidence/cardinality/run-20260815-195300/production_test/sysmon-attack-connect-test.txt
A	evidence/cardinality/run-20260815-195300/proposal_cardinality.md
A	evidence/cardinality/run-20260815-195300/publication-diagnosis.txt
A	evidence/cardinality/run-20260815-195300/rules_1005xx.xml
A	evidence/cardinality/run-20260815-195300/run-20260815-195300.log
A	evidence/cardinality/run-20260815-195300/sysmon-rule-investigation.txt
A	evidence/cardinality/run-20260815-202149/README.md
A	evidence/cardinality/run-20260815-202149/actions.log
A	evidence/cardinality/run-20260815-202149/amend_diff_check.txt
A	evidence/cardinality/run-20260815-202149/analysisd_candidate_test.txt
A	evidence/cardinality/run-20260815-202149/attacker_interfaces.txt
A	evidence/cardinality/run-20260815-202149/backup_ruleset.txt
A	evidence/cardinality/run-20260815-202149/candidate-20260815-202149.xml
A	evidence/cardinality/run-20260815-202149/candidate-wrapped-20260815-202149.xml
A	evidence/cardinality/run-20260815-202149/candidate_sha256.txt
A	evidence/cardinality/run-20260815-202149/cardinality/cardinality_report.txt
A	evidence/cardinality/run-20260815-202149/cardinality/raw_selected_events.json
A	evidence/cardinality/run-20260815-202149/cardinality/sequence_unique_ports.csv
A	evidence/cardinality/run-20260815-202149/cardinality/summary.json
A	evidence/cardinality/run-20260815-202149/cardinality_report.md
A	evidence/cardinality/run-20260815-202149/final_commit.txt
A	evidence/cardinality/run-20260815-202149/final_manager_sanity.txt
A	evidence/cardinality/run-20260815-202149/final_manager_sanity_sudo.txt
A	evidence/cardinality/run-20260815-202149/git_branch.txt
A	evidence/cardinality/run-20260815-202149/git_commit.txt
A	evidence/cardinality/run-20260815-202149/git_commit_amend.txt
A	evidence/cardinality/run-20260815-202149/git_commit_final_amend.txt
A	evidence/cardinality/run-20260815-202149/git_diff_check.txt
A	evidence/cardinality/run-20260815-202149/git_head.txt
A	evidence/cardinality/run-20260815-202149/git_head_final.txt
A	evidence/cardinality/run-20260815-202149/git_ls_remote.txt
A	evidence/cardinality/run-20260815-202149/git_push.txt
A	evidence/cardinality/run-20260815-202149/git_remote.txt
A	evidence/cardinality/run-20260815-202149/git_status_before.txt
A	evidence/cardinality/run-20260815-202149/git_status_final.txt
A	evidence/cardinality/run-20260815-202149/historical_rule_references.txt
A	evidence/cardinality/run-20260815-202149/input_events_path.txt
A	evidence/cardinality/run-20260815-202149/local_rules.xml.active-20260815-202149
A	evidence/cardinality/run-20260815-202149/local_sysmon_rule_order.xml
A	evidence/cardinality/run-20260815-202149/logtest_sysmon_15.out
A	evidence/cardinality/run-20260815-202149/logtest_sysmon_15_hits.txt
A	evidence/cardinality/run-20260815-202149/logtest_sysmon_15_sudo.out
A	evidence/cardinality/run-20260815-202149/logtest_sysmon_exclusion_hits.txt
A	evidence/cardinality/run-20260815-202149/logtest_sysmon_final_ids.txt
A	evidence/cardinality/run-20260815-202149/logtest_sysmon_management.out
A	evidence/cardinality/run-20260815-202149/logtest_sysmon_nat.out
A	evidence/cardinality/run-20260815-202149/manager_sanity.txt
A	evidence/cardinality/run-20260815-202149/parse_cardinality.stderr.txt
A	evidence/cardinality/run-20260815-202149/parse_cardinality.stdout.txt
A	evidence/cardinality/run-20260815-202149/production_test/attack_events_sanitized.jsonl
A	evidence/cardinality/run-20260815-202149/production_test/current_attack_events_sanitized.jsonl
A	evidence/cardinality/run-20260815-202149/production_test/current_relevant_alerts_sanitized.jsonl
A	evidence/cardinality/run-20260815-202149/production_test/nmap_1-20.txt
A	evidence/cardinality/run-20260815-202149/production_test/nmap_sysmon_tcp_connect_22.txt
A	evidence/cardinality/run-20260815-202149/production_test/ossec_health_excerpt.txt
A	evidence/cardinality/run-20260815-202149/production_test/relevant_alerts_sanitized.jsonl
A	evidence/cardinality/run-20260815-202149/production_test/sysmon_eid3_sanitized.jsonl
A	evidence/cardinality/run-20260815-202149/restart_manager.txt
A	evidence/cardinality/run-20260815-202149/rule_100004.xml
A	evidence/cardinality/run-20260815-202149/rules_relevant.xml
A	evidence/cardinality/run-20260815-202149/scp_exclusion_fixtures.txt
A	evidence/cardinality/run-20260815-202149/scp_logtest_fixture.txt
A	evidence/cardinality/run-20260815-202149/scp_logtest_fixture_retry.txt
A	evidence/cardinality/run-20260815-202149/staged_diff.patch
A	evidence/cardinality/run-20260815-202149/staged_diff_check.txt
A	evidence/cardinality/run-20260815-202149/staged_diff_stat.txt
A	evidence/cardinality/run-20260815-202149/staged_files.txt
A	evidence/cardinality/run-20260815-202149/summary.txt
A	evidence/cardinality/run-20260815-202149/sysmon_15.jsonl
A	evidence/cardinality/run-20260815-202149/sysmon_attack_one.jsonl
A	evidence/cardinality/run-20260815-202149/sysmon_management_one.jsonl
A	evidence/cardinality/run-20260815-202149/sysmon_nat_one.jsonl
A	evidence/cardinality/run-20260815-202149/sysmon_rule_hierarchy_locations.txt
A	evidence/cardinality/run-20260815-202149/tool_bash_syntax.txt
A	evidence/cardinality/run-20260815-202149/tool_pycompile.txt
A	evidence/cardinality/run-20260815-202149/xmllint_candidate.txt
A	evidence/cardinality/run-20260815-205438/actions.log
A	evidence/cardinality/run-20260815-205438/analysisd_candidate_test.txt
A	evidence/cardinality/run-20260815-205438/attack_interface_check.txt
A	evidence/cardinality/run-20260815-205438/attacker_interfaces.txt
A	evidence/cardinality/run-20260815-205438/backup_ruleset.txt
A	evidence/cardinality/run-20260815-205438/candidate-20260815-205438.xml
A	evidence/cardinality/run-20260815-205438/candidate-wrapped-20260815-205438.xml
A	evidence/cardinality/run-20260815-205438/candidate_sha256.txt
A	evidence/cardinality/run-20260815-205438/cardinality/cardinality_report.txt
A	evidence/cardinality/run-20260815-205438/cardinality/raw_selected_events.json
A	evidence/cardinality/run-20260815-205438/cardinality/sequence_unique_ports.csv
A	evidence/cardinality/run-20260815-205438/cardinality/summary.json
A	evidence/cardinality/run-20260815-205438/cardinality_report.md
A	evidence/cardinality/run-20260815-205438/cardinality_run_summary.md
A	evidence/cardinality/run-20260815-205438/current_alerts_sanitized.jsonl
A	evidence/cardinality/run-20260815-205438/current_attack_events_sanitized.jsonl
A	evidence/cardinality/run-20260815-205438/current_event_order.txt
A	evidence/cardinality/run-20260815-205438/gh_auth_status.txt
A	evidence/cardinality/run-20260815-205438/git_commit.txt
A	evidence/cardinality/run-20260815-205438/git_ls_remote.txt
A	evidence/cardinality/run-20260815-205438/git_ls_remote_pre_publish.txt
A	evidence/cardinality/run-20260815-205438/input_events_path.txt
A	evidence/cardinality/run-20260815-205438/local_rules.xml.active-20260815-205438
A	evidence/cardinality/run-20260815-205438/logtest_sysmon_15.out
A	evidence/cardinality/run-20260815-205438/logtest_sysmon_15_hits.txt
A	evidence/cardinality/run-20260815-205438/nmap_1-20.txt
A	evidence/cardinality/run-20260815-205438/nmap_sysmon_tcp_connect_22.txt
A	evidence/cardinality/run-20260815-205438/parse_cardinality.stderr.txt
A	evidence/cardinality/run-20260815-205438/parse_cardinality.stdout.txt
A	evidence/cardinality/run-20260815-205438/production_cutoff_utc.txt
A	evidence/cardinality/run-20260815-205438/production_test/current_attack_events_sanitized.jsonl
A	evidence/cardinality/run-20260815-205438/proposal_cardinality.md
A	evidence/cardinality/run-20260815-205438/rules_relevant.xml
A	evidence/cardinality/run-20260815-205438/rules_relevant_wrapped.xml
A	evidence/cardinality/run-20260815-205438/scp_logtest_fixture.txt
A	evidence/cardinality/run-20260815-205438/staged_diff_check.txt
A	evidence/cardinality/run-20260815-205438/sysmon_15.jsonl
A	evidence/cardinality/run-20260815-205438/tool_bash_syntax.txt
A	evidence/cardinality/run-20260815-205438/tool_pycompile.txt
A	evidence/cardinality/run-20260815-205438/xmllint_candidate.txt
A	evidence/publish-20260815-210501/actions.log
A	evidence/publish-20260815-210501/backup_bundle_sanitized.txt
A	evidence/publish-20260815-210501/backup_git_fsck.txt
A	evidence/publish-20260815-210501/bundle_create.txt
A	evidence/publish-20260815-210501/bundle_sha256.txt
A	evidence/publish-20260815-210501/cloned_repos.txt
A	evidence/publish-20260815-210501/csv_4625_review.txt
A	evidence/publish-20260815-210501/docs_images_count.txt
A	evidence/publish-20260815-210501/email_pii_tracked_matches.txt
A	evidence/publish-20260815-210501/email_pii_tracked_publishable.txt
A	evidence/publish-20260815-210501/final_diff_check.txt
A	evidence/publish-20260815-210501/final_gh_auth_status.txt
A	evidence/publish-20260815-210501/final_git_fsck.txt
A	evidence/publish-20260815-210501/final_image_count.txt
A	evidence/publish-20260815-210501/final_markdown_link_check.txt
A	evidence/publish-20260815-210501/final_origin_gate.txt
A	evidence/publish-20260815-210501/final_staged_diff_check.txt
A	evidence/publish-20260815-210501/git_branch_create.txt
A	evidence/publish-20260815-210501/git_branch_create_corrected.txt
A	evidence/publish-20260815-210501/git_commit.txt
A	evidence/publish-20260815-210501/git_commit_amend_permissions.txt
A	evidence/publish-20260815-210501/git_commit_final.txt
A	evidence/publish-20260815-210501/git_fsck.txt
A	evidence/publish-20260815-210501/gitbackup_listing.txt
A	evidence/publish-20260815-210501/head_log.txt
A	evidence/publish-20260815-210501/head_origin_comparison.txt
A	evidence/publish-20260815-210501/head_short.txt
A	evidence/publish-20260815-210501/image_copy_map.tsv
A	evidence/publish-20260815-210501/image_file_types.txt
A	evidence/publish-20260815-210501/image_metadata.txt
A	evidence/publish-20260815-210501/image_metadata_strip.txt
A	evidence/publish-20260815-210501/image_ocr_classification.tsv
A	evidence/publish-20260815-210501/image_ocr_summary.txt
A	evidence/publish-20260815-210501/image_optimization_summary.txt
A	evidence/publish-20260815-210501/image_optimizer_availability.txt
A	evidence/publish-20260815-210501/image_profiles_after.txt
A	evidence/publish-20260815-210501/image_profiles_errors.txt
A	evidence/publish-20260815-210501/image_sha256.txt
A	evidence/publish-20260815-210501/image_sha256_relative.txt
A	evidence/publish-20260815-210501/image_source_inventory.txt
A	evidence/publish-20260815-210501/image_source_paths.nul
A	evidence/publish-20260815-210501/image_source_paths.txt
A	evidence/publish-20260815-210501/image_source_paths_debug.txt
A	evidence/publish-20260815-210501/image_source_paths_size.txt
A	evidence/publish-20260815-210501/image_validation.txt
A	evidence/publish-20260815-210501/image_validation_errors.txt
A	evidence/publish-20260815-210501/image_validation_optimized.txt
A	evidence/publish-20260815-210501/image_validation_optimized_errors.txt
A	evidence/publish-20260815-210501/images_destination_before.txt
A	evidence/publish-20260815-210501/largest_images.txt
A	evidence/publish-20260815-210501/markdown_external_links_tracked.txt
A	evidence/publish-20260815-210501/markdown_local_link_check.txt
A	evidence/publish-20260815-210501/markdown_local_link_check_after.txt
A	evidence/publish-20260815-210501/new_docs_email_scan.txt
A	evidence/publish-20260815-210501/ocr_batch_0.tsv
A	evidence/publish-20260815-210501/ocr_batch_18.tsv
A	evidence/publish-20260815-210501/ocr_batch_27.tsv
A	evidence/publish-20260815-210501/ocr_batch_36.tsv
A	evidence/publish-20260815-210501/ocr_batch_45.tsv
A	evidence/publish-20260815-210501/ocr_batch_9.tsv
A	evidence/publish-20260815-210501/ocr_unit_stderr_private.txt
A	evidence/publish-20260815-210501/ocr_unit_stdout.txt
A	evidence/publish-20260815-210501/origin_main.txt
A	evidence/publish-20260815-210501/origin_main_head_diff.txt
A	evidence/publish-20260815-210501/pii_scan_repair.txt
A	evidence/publish-20260815-210501/pii_scan_result.txt
A	evidence/publish-20260815-210501/post_commit_fsck.txt
A	evidence/publish-20260815-210501/post_commit_status.txt
A	evidence/publish-20260815-210501/pre_amend_diff_check.txt
A	evidence/publish-20260815-210501/readme_before_excerpt.txt
A	evidence/publish-20260815-210501/staged_diff_check.txt
A	evidence/publish-20260815-210501/status_porcelain.txt
A	evidence/publish-20260815-210501/tracked_email_before_new_changes.txt
A	evidence/publish-20260815-210501/tracked_secret_candidate_files.txt
A	evidence/sync/actions-20260815-213439.log
A	evidence/sync/backups-fsck-20260815-213439.txt
A	evidence/sync/branch-20260815-213439.txt
A	evidence/sync/bundle-create-20260815-213439.txt
A	evidence/sync/comparison-20260815-213439.txt
A	evidence/sync/conflict-classification-20260815-213439.txt
A	evidence/sync/diff-commits-20260815-213439.txt
A	evidence/sync/diff-files-20260815-213439.txt
A	evidence/sync/diff-files-console-20260815-213439.txt
A	evidence/sync/fetch-20260815-213439.txt
A	evidence/sync/gh-auth-20260815-213439.txt
A	evidence/sync/local-head-20260815-213439.txt
A	evidence/sync/log-head-20260815-213439.txt
A	evidence/sync/log-origin-main-20260815-213439.txt
A	evidence/sync/log-origin-main-error-20260815-213439.txt
A	evidence/sync/merge-conflicts-20260815-213439.txt
A	evidence/sync/merge-result-20260815-213439.txt
A	evidence/sync/merge-simulation-20260815-213439.txt
A	evidence/sync/merge-worktree-add-20260815-213439.txt
A	evidence/sync/plan-20260815-213439.md
A	evidence/sync/recovery-20260815-215425/absolute-path-files.txt
A	evidence/sync/recovery-20260815-215425/actions.log
A	evidence/sync/recovery-20260815-215425/bundle-create.txt
A	evidence/sync/recovery-20260815-215425/candidate-diff-check.txt
A	evidence/sync/recovery-20260815-215425/candidate-image-sha256.txt
A	evidence/sync/recovery-20260815-215425/candidate-image-validation.txt
A	evidence/sync/recovery-20260815-215425/candidate-import-stat.txt
A	evidence/sync/recovery-20260815-215425/candidate-import-status.txt
A	evidence/sync/recovery-20260815-215425/candidate-markdown-links.txt
A	evidence/sync/recovery-20260815-215425/candidate-publication-safety.txt
A	evidence/sync/recovery-20260815-215425/candidate-staged-content-audit-post-redaction.tsv
A	evidence/sync/recovery-20260815-215425/candidate-staged-content-audit.tsv
A	evidence/sync/recovery-20260815-215425/candidate-staged-name-status.txt
A	evidence/sync/recovery-20260815-215425/candidate-staged-stat.txt
A	evidence/sync/recovery-20260815-215425/candidate-staged-status.txt
A	evidence/sync/recovery-20260815-215425/candidate-validation-summary.txt
A	evidence/sync/recovery-20260815-215425/canonical-existing-fetch.txt
A	evidence/sync/recovery-20260815-215425/canonical-existing-origin.txt
A	evidence/sync/recovery-20260815-215425/canonical-existing-pull.txt
A	evidence/sync/recovery-20260815-215425/canonical-existing-switch.txt
A	evidence/sync/recovery-20260815-215425/canonical-final-fetch.txt
A	evidence/sync/recovery-20260815-215425/canonical-main-branch-create.txt
A	evidence/sync/recovery-20260815-215425/canonical-main-head.txt
A	evidence/sync/recovery-20260815-215425/common-ancestor.err
A	evidence/sync/recovery-20260815-215425/common-ancestor.txt
A	evidence/sync/recovery-20260815-215425/document-diffs/README.md.diff
A	evidence/sync/recovery-20260815-215425/document-diffs/detection-rules/WFP_PortScan_Detection_Final.md.diff
A	evidence/sync/recovery-20260815-215425/document-diffs/detection-rules/sysmon-network.md.diff
A	evidence/sync/recovery-20260815-215425/document-diffs/docs/troubleshooting/sysmon-eid3.md.diff
A	evidence/sync/recovery-20260815-215425/final-bash-syntax.txt
A	evidence/sync/recovery-20260815-215425/final-canonical-fsck.txt
A	evidence/sync/recovery-20260815-215425/final-canonical-ls-remote.txt
A	evidence/sync/recovery-20260815-215425/final-diff-check.txt
A	evidence/sync/recovery-20260815-215425/final-github-repositories.json
A	evidence/sync/recovery-20260815-215425/final-legacy-fsck.txt
A	evidence/sync/recovery-20260815-215425/final-markdown-links.txt
A	evidence/sync/recovery-20260815-215425/final-pr-state.json
A	evidence/sync/recovery-20260815-215425/final-publication-safety.txt
A	evidence/sync/recovery-20260815-215425/final-python-compile.txt
A	evidence/sync/recovery-20260815-215425/final-staged-content-audit.tsv
A	evidence/sync/recovery-20260815-215425/final-summary.txt
A	evidence/sync/recovery-20260815-215425/final-validation-summary.txt
A	evidence/sync/recovery-20260815-215425/github-repositories.json
A	evidence/sync/recovery-20260815-215425/integration-include-paths.txt
A	evidence/sync/recovery-20260815-215425/integration-selection.tsv
A	evidence/sync/recovery-20260815-215425/inventory-summary.txt
A	evidence/sync/recovery-20260815-215425/legacy-branch-create.txt
A	evidence/sync/recovery-20260815-215425/legacy-config-backup-sha256.txt
A	evidence/sync/recovery-20260815-215425/legacy-fetch-canonical.txt
A	evidence/sync/recovery-20260815-215425/legacy-remotes-after-repair.txt
A	evidence/sync/recovery-20260815-215425/local-branches.txt
A	evidence/sync/recovery-20260815-215425/local-fsck.txt
A	evidence/sync/recovery-20260815-215425/local-images-index-preview.txt
A	evidence/sync/recovery-20260815-215425/local-log.txt
A	evidence/sync/recovery-20260815-215425/local-publication-audit.tsv
A	evidence/sync/recovery-20260815-215425/local-remotes.txt
A	evidence/sync/recovery-20260815-215425/local-root-tracked.txt
A	evidence/sync/recovery-20260815-215425/local-status.txt
A	evidence/sync/recovery-20260815-215425/local-synchronization-status.txt
A	evidence/sync/recovery-20260815-215425/merge-status.txt
A	evidence/sync/recovery-20260815-215425/obsolete-origin-ls-remote.txt
A	evidence/sync/recovery-20260815-215425/path-matrix-summary.txt
A	evidence/sync/recovery-20260815-215425/path-matrix.tsv
A	evidence/sync/recovery-20260815-215425/pr-checks-initial.txt
A	evidence/sync/recovery-20260815-215425/pr-create-status.txt
A	evidence/sync/recovery-20260815-215425/pr-create.err
A	evidence/sync/recovery-20260815-215425/pr-merge.txt
A	evidence/sync/recovery-20260815-215425/pr-metadata.json
A	evidence/sync/recovery-20260815-215425/pr-postmerge-metadata.json
A	evidence/sync/recovery-20260815-215425/pr-premerge-metadata.json
A	evidence/sync/recovery-20260815-215425/pr-url.txt
A	evidence/sync/recovery-20260815-215425/private-pre-sanitization-sha256.txt
A	evidence/sync/recovery-20260815-215425/profile-base-check.txt
A	evidence/sync/recovery-20260815-215425/profile-clone-retry.txt
A	evidence/sync/recovery-20260815-215425/profile-clone.txt
A	evidence/sync/recovery-20260815-215425/profile-commits.json
A	evidence/sync/recovery-20260815-215425/profile-compare-clone.txt
A	evidence/sync/recovery-20260815-215425/profile-docdiff-clone.txt
A	evidence/sync/recovery-20260815-215425/profile-fetch-after-merge.txt
A	evidence/sync/recovery-20260815-215425/profile-fetch-before-commit.txt
A	evidence/sync/recovery-20260815-215425/profile-files.txt
A	evidence/sync/recovery-20260815-215425/profile-inspection-summary.txt
A	evidence/sync/recovery-20260815-215425/profile-log.txt
A	evidence/sync/recovery-20260815-215425/profile-ls-remote.txt
A	evidence/sync/recovery-20260815-215425/profile-project-files.txt
A	evidence/sync/recovery-20260815-215425/profile-project-readme.err
A	evidence/sync/recovery-20260815-215425/profile-project-readme.md
A	evidence/sync/recovery-20260815-215425/profile-publication-checker.txt
A	evidence/sync/recovery-20260815-215425/profile-repository.json
A	evidence/sync/recovery-20260815-215425/profile-root-contents.json
A	evidence/sync/recovery-20260815-215425/profile-tree-summary.txt
A	evidence/sync/recovery-20260815-215425/profile-tree.json
A	evidence/sync/recovery-20260815-215425/recovery-branch.txt
A	evidence/sync/recovery-20260815-215425/recovery-clone.txt
A	evidence/sync/recovery-20260815-215425/recovery-commit.txt
A	evidence/sync/recovery-20260815-215425/recovery-publish-status.txt
A	evidence/sync/recovery-20260815-215425/recovery-push.txt
A	evidence/sync/recovery-20260815-215425/recovery-report.md
A	evidence/sync/recovery-20260815-215425/snapshot-sha256.txt
A	evidence/sync/recovery-20260815-215425/tree-snapshot.txt
A	evidence/sync/recovery-20260815-215425/validated-evidence-extracts.txt
A	evidence/sync/remote-head-20260815-213439.txt
A	evidence/sync/remote-head-error-20260815-213439.txt
A	evidence/sync/remote-show-20260815-213439.txt
A	evidence/sync/remotes-20260815-213439.txt
A	evidence/sync/snapshot-20260815-213439.txt
A	evidence/sync/status-20260815-213439.txt
A	evidence/sync/summary-20260815-213439.txt
A	evidence/sync/sync-20260816-142243/branches-verbose.txt
A	evidence/sync/sync-20260816-142243/bundle-sha256.txt
A	evidence/sync/sync-20260816-142243/commits-a-push.txt
A	evidence/sync/sync-20260816-142243/completion-summary.json
A	evidence/sync/sync-20260816-142243/completion-summary.md
A	evidence/sync/sync-20260816-142243/current-branch.txt
A	evidence/sync/sync-20260816-142243/current-vs-recovery-ancestry.txt
A	evidence/sync/sync-20260816-142243/current-vs-recovery-commits.txt
A	evidence/sync/sync-20260816-142243/diff-check-exception.txt
A	evidence/sync/sync-20260816-142243/files-over-25mb.txt
A	evidence/sync/sync-20260816-142243/files-over-90mb.txt
A	evidence/sync/sync-20260816-142243/final-branches.txt
A	evidence/sync/sync-20260816-142243/final-fetch.txt
A	evidence/sync/sync-20260816-142243/final-git-status.txt
A	evidence/sync/sync-20260816-142243/final-staged-diff-check.txt
A	evidence/sync/sync-20260816-142243/final-sync-head.txt
A	evidence/sync/sync-20260816-142243/finalization.md
A	evidence/sync/sync-20260816-142243/gh-auth-status.txt
A	evidence/sync/sync-20260816-142243/gh-pr-create.log
A	evidence/sync/sync-20260816-142243/git-commit-finalization.txt
A	evidence/sync/sync-20260816-142243/git-commit-summary.txt
A	evidence/sync/sync-20260816-142243/git-commit-sync.txt
A	evidence/sync/sync-20260816-142243/git-fetch.log
A	evidence/sync/sync-20260816-142243/git-fsck.txt
A	evidence/sync/sync-20260816-142243/git-log-200.txt
A	evidence/sync/sync-20260816-142243/git-ls-remote-main.txt
A	evidence/sync/sync-20260816-142243/git-push-finalization.txt
A	evidence/sync/sync-20260816-142243/git-push-sync.txt
A	evidence/sync/sync-20260816-142243/git-remote.txt
A	evidence/sync/sync-20260816-142243/git-status.txt
A	evidence/sync/sync-20260816-142243/git-switch-main.txt
A	evidence/sync/sync-20260816-142243/git-switch-sync-branch.txt
A	evidence/sync/sync-20260816-142243/key-material-filenames.txt
A	evidence/sync/sync-20260816-142243/merge-result.txt
A	evidence/sync/sync-20260816-142243/merge-simulation.txt
A	evidence/sync/sync-20260816-142243/pr-sync-url.txt
A	evidence/sync/sync-20260816-142243/repository-path.txt
A	evidence/sync/sync-20260816-142243/secret-pattern-files.txt
A	evidence/sync/sync-20260816-142243/secret-scan-summary.txt
A	evidence/sync/sync-20260816-142243/sensitive-keyword-files.txt
A	evidence/sync/sync-20260816-142243/staged-diff-check.txt
A	evidence/sync/sync-20260816-142243/staging-summary.txt
A	evidence/sync/sync-20260816-142243/summary-20260816-142243.md
A	evidence/sync/sync-20260816-142243/sync-commit.txt
A	evidence/sync/sync-20260816-142243/sync-evidence-diff-check.txt
A	evidence/sync/sync-20260816-142243/sync-summary-commit.txt
A	evidence/sync/sync-20260816-142243/timestamp.txt
A	evidence/sync/sync-20260816-142243/untracked-candidates.txt
A	evidence/sync/sync-20260816-142243/worktree-add.txt
A	evidence/sync/sync-20260816-142243/worktree-remove.txt
A	evidence/sync/sync-20260816-142243/worktree-sha256.txt
A	evidence/sync/tree-tar-20260815-213439.txt
A	evidence/sysmon-eid3-test/01-git-repository.txt
A	evidence/sysmon-eid3-test/02-gitbackup-listing.txt
A	evidence/sysmon-eid3-test/03-repository-instructions-files.txt
A	evidence/sysmon-eid3-test/04-contributing.txt
A	evidence/sysmon-eid3-test/05-evidence-readme.txt
A	evidence/sysmon-eid3-test/06-gitbackup-fsck.txt
A	evidence/sysmon-eid3-test/10-wazuh-local-rules.txt
A	evidence/sysmon-eid3-test/11-wazuh-xml-validation.txt
A	evidence/sysmon-eid3-test/12-wazuh-analysisd-test.txt
A	evidence/sysmon-eid3-test/13-wazuh-rule-ids.txt
A	evidence/sysmon-eid3-test/20-events-csv-discovery.txt
A	evidence/sysmon-eid3-test/21-events-csv-global-discovery.txt
A	evidence/sysmon-eid3-test/22-screenshots-inventory-raw.txt
A	evidence/sysmon-eid3-test/23-context-relevant-extracts.txt
A	evidence/sysmon-eid3-test/24-recovered-events-csv-profile.txt
A	evidence/sysmon-eid3-test/25-repository-data-files.txt
A	evidence/sysmon-eid3-test/26-portscan-reconstruction.txt
A	evidence/sysmon-eid3-test/27-counter-history-extracts.txt
A	evidence/sysmon-eid3-test/28-event-burst-summary.txt
A	evidence/sysmon-eid3-test/29-selected-34-summary.txt
A	evidence/sysmon-eid3-test/30-images-publication-mapping.txt
A	evidence/sysmon-eid3-test/31-artifact-generation.txt
A	evidence/sysmon-eid3-test/32-local-artifact-validation.txt
A	evidence/sysmon-eid3-test/33-final-validation.txt
A	evidence/sysmon-eid3-test/34-final-validation-corrected.txt
A	evidence/sysmon-eid3-test/35-management-connectivity-repair.md
A	evidence/tests/auto-audit-20260815-234701/actions.log
A	evidence/tests/auto-audit-20260815-234701/canonical-head.txt
A	evidence/tests/auto-audit-20260815-234701/canonical-origin-main.txt
A	evidence/tests/auto-audit-20260815-234701/ci-status.txt
A	evidence/tests/auto-audit-20260815-234701/cmd-canonical-create-branch.log
A	evidence/tests/auto-audit-20260815-234701/cmd-canonical-fetch-before-branch.log
A	evidence/tests/auto-audit-20260815-234701/cmd-canonical-fsck.log
A	evidence/tests/auto-audit-20260815-234701/cmd-canonical-ls-remote.log
A	evidence/tests/auto-audit-20260815-234701/cmd-canonical-pull-main.log
A	evidence/tests/auto-audit-20260815-234701/cmd-canonical-remotes.log
A	evidence/tests/auto-audit-20260815-234701/cmd-canonical-status.log
A	evidence/tests/auto-audit-20260815-234701/cmd-canonical-switch-main.log
A	evidence/tests/auto-audit-20260815-234701/cmd-command-ledger.log
A	evidence/tests/auto-audit-20260815-234701/cmd-gh-auth.log
A	evidence/tests/auto-audit-20260815-234701/cmd-gh-pr-create.log
A	evidence/tests/auto-audit-20260815-234701/cmd-gh-pr-view.log
A	evidence/tests/auto-audit-20260815-234701/cmd-gh-repo-list.log
A	evidence/tests/auto-audit-20260815-234701/cmd-gh-workflow-list.log
A	evidence/tests/auto-audit-20260815-234701/cmd-git-commit-pr-status.log
A	evidence/tests/auto-audit-20260815-234701/cmd-git-commit.log
A	evidence/tests/auto-audit-20260815-234701/cmd-git-diff-check-final.log
A	evidence/tests/auto-audit-20260815-234701/cmd-git-diff-check-pr-status.log
A	evidence/tests/auto-audit-20260815-234701/cmd-git-diff-check.log
A	evidence/tests/auto-audit-20260815-234701/cmd-git-push-pr-status.log
A	evidence/tests/auto-audit-20260815-234701/cmd-git-push.log
A	evidence/tests/auto-audit-20260815-234701/cmd-gitleaks.log
A	evidence/tests/auto-audit-20260815-234701/cmd-image-file-validation.log
A	evidence/tests/auto-audit-20260815-234701/cmd-incident-remediation.log
A	evidence/tests/auto-audit-20260815-234701/cmd-json-validation-final.log
A	evidence/tests/auto-audit-20260815-234701/cmd-json-validation.log
A	evidence/tests/auto-audit-20260815-234701/cmd-legacy-fsck.log
A	evidence/tests/auto-audit-20260815-234701/cmd-legacy-remotes.log
A	evidence/tests/auto-audit-20260815-234701/cmd-legacy-vs-canonical-history.log
A	evidence/tests/auto-audit-20260815-234701/cmd-post-sanitization-audit.log
A	evidence/tests/auto-audit-20260815-234701/cmd-pre-sanitization-sha256.log
A	evidence/tests/auto-audit-20260815-234701/cmd-publication-safety-final.log
A	evidence/tests/auto-audit-20260815-234701/cmd-publication-safety-pr-status.log
A	evidence/tests/auto-audit-20260815-234701/cmd-publication-safety.log
A	evidence/tests/auto-audit-20260815-234701/cmd-staged-files-final.log
A	evidence/tests/auto-audit-20260815-234701/cmd-staged-sensitive-audit-final.log
A	evidence/tests/auto-audit-20260815-234701/cmd-staged-sensitive-audit.log
A	evidence/tests/auto-audit-20260815-234701/context-alternatives.txt
A	evidence/tests/auto-audit-20260815-234701/context-status.txt
A	evidence/tests/auto-audit-20260815-234701/current-branch.txt
A	evidence/tests/auto-audit-20260815-234701/files-large.txt
A	evidence/tests/auto-audit-20260815-234701/final-validation.txt
A	evidence/tests/auto-audit-20260815-234701/full_report.json
A	evidence/tests/auto-audit-20260815-234701/git-status.txt
A	evidence/tests/auto-audit-20260815-234701/gitleaks-report.json
A	evidence/tests/auto-audit-20260815-234701/gitleaks-status.txt
A	evidence/tests/auto-audit-20260815-234701/gitleaks-version.txt
A	evidence/tests/auto-audit-20260815-234701/images-check-status.txt
A	evidence/tests/auto-audit-20260815-234701/images-check.txt
A	evidence/tests/auto-audit-20260815-234701/pr-status.txt
A	evidence/tests/auto-audit-20260815-234701/precommit-validation.txt
A	evidence/tests/auto-audit-20260815-234701/private-backup-location.txt
A	evidence/tests/auto-audit-20260815-234701/publish-status.txt
A	evidence/tests/auto-audit-20260815-234701/sanitization_actions.md
A	evidence/tests/auto-audit-20260815-234701/sensitive-patterns.tsv
A	evidence/tests/auto-audit-20260815-234701/summary.md
A	evidence/tests/auto-audit-20260815-234701/ts.txt
A	scripts/replay_events.sh
A	tools/build_cardinality_candidate.py
A	tools/generate_logtest_events.py
A	tools/parse_cardinality.py
A	tools/validate_and_install_candidate.sh
